"""Old""|Old","""Sim""|Old","""New""|Old","""Old""|Sim","""Sim""|Sim","""New""|Sim","""Old""|New","""Sim""|New","""New""|New"
0.533333333,0.3,0.166666667,0.1,0.366666667,0.533333333,0.020408163,0.204081633,0.775510204
0.5,0.466666667,0.033333333,0.433333333,0.5,0.066666667,0.387755102,0.428571429,0.06122449
0,0.2,0.8,0,0.133333333,0.866666667,0,0.244897959,0.632653061
0.8,0.1,0.1,0.133333333,0.633333333,0.233333333,0,0.020408163,0.979591837
0.866666667,0.1,0.033333333,0.033333333,0.9,0.066666667,0,0.040816327,0.959183673
0.8,0.166666667,0.033333333,0.133333333,0.566666667,0.3,0.06122449,0.020408163,0.918367347
